Date,NY Conventional Gasoline Spot Price ($/gal),NY Ultra-Low Sulfur Diesel Spot Price ($/gal),WTI Crude Oil Spot Price ($/barrel),Brent Crude Oil Spot Price ($/barrel),NY Jet Fuel Price ($/gal)
06/24/2022,3.890,4.390,107.88,116.83,
06/17/2022,3.980,4.490,116.46,125.08,
06/10/2022,4.330,4.440,120.43,127.40,
06/03/2022,4.340,4.250,116.37,124.11,
05/27/2022,3.930,4.010,113.38,117.66,
05/20/2022,3.930,4.510,112.18,112.93,
05/13/2022,3.750,5.210,105.00,107.43,
05/06/2022,3.650,4.980,106.69,110.36,
04/29/2022,3.380,4.690,102.85,103.92,
04/22/2022,3.120,4.090,104.02,105.72,
04/15/2022,3.190,3.760,101.46,105.42,
04/08/2022,3.110,3.700,99.21,103.33,
04/01/2022,3.080,3.730,103.89,111.26,
03/25/2022,3.270,4.160,113.69,123.60,
03/18/2022,3.000,3.410,100.43,109.59,
03/15/2022,,,,,3.33
03/11/2022,3.310,3.880,113.39,122.29,
03/04/2022,3.170,3.500,106.80,114.43,
02/25/2022,2.780,2.860,92.18,99.36,
02/18/2022,2.730,2.880,92.89,97.80,
02/15/2022,,,,,2.79
02/11/2022,2.740,2.910,90.61,96.43,
02/04/2022,2.670,2.790,89.60,92.77,
01/28/2022,2.550,2.730,86.94,90.12,
01/21/2022,2.490,2.680,85.93,89.16,
01/15/2022,,,,,2.44
01/14/2022,2.410,2.590,81.52,85.07,
01/07/2022,2.320,2.440,77.86,80.50,
12/31/2021,2.300,2.360,76.05,78.16,
12/24/2021,2.210,2.270,71.63,73.91,
12/17/2021,2.210,2.230,71.18,73.76,
12/15/2021,,,,,2.2
12/10/2021,2.200,2.240,71.31,74.79,
12/03/2021,2.050,2.100,66.89,71.00,
11/26/2021,2.380,2.360,77.79,80.24,
11/19/2021,2.380,2.380,78.99,81.63,
11/15/2021,,,,,2.39
11/12/2021,2.430,2.460,81.93,83.39,
11/05/2021,2.500,2.460,81.79,82.52,
10/29/2021,2.550,2.530,83.84,84.12,
10/22/2021,2.570,2.570,83.48,84.98,
10/15/2021,2.500,2.560,81.18,83.87,2.36
10/08/2021,2.410,2.470,78.50,82.01,
10/01/2021,2.290,2.320,75.45,78.44,
09/24/2021,2.240,2.220,72.18,75.32,
09/17/2021,2.300,2.190,71.69,74.13,
09/15/2021,,,,,2.06
09/10/2021,2.290,2.130,68.98,72.01,
09/03/2021,2.320,2.140,69.15,73.02,
08/27/2021,2.230,2.070,67.59,71.02,
08/20/2021,2.120,1.990,65.05,68.08,
08/15/2021,,,,,1.98
08/13/2021,2.280,2.080,68.33,71.09,
08/06/2021,2.280,2.100,69.50,72.26,
07/30/2021,2.330,2.170,72.75,75.75,
07/23/2021,2.200,2.070,69.68,72.20,
07/16/2021,2.270,2.130,73.19,75.80,
07/15/2021,,,,,2
07/09/2021,2.220,2.120,73.35,76.13,
07/02/2021,2.220,2.140,74.07,76.26,
06/25/2021,2.210,2.150,73.48,75.41,
06/18/2021,2.120,2.100,71.55,73.11,
06/15/2021,,,,,1.97
06/11/2021,2.160,2.130,70.11,71.46,
06/04/2021,2.160,2.100,68.74,70.66,
05/28/2021,2.110,2.040,66.40,69.02,
05/21/2021,2.110,2.020,64.11,67.48,
05/15/2021,,,,,1.89
05/14/2021,2.140,2.040,65.07,68.73,
05/07/2021,2.120,1.990,65.10,68.99,
04/30/2021,2.020,1.920,63.47,66.96,
04/23/2021,1.980,1.870,62.18,65.34,
04/16/2021,2.000,1.860,61.93,64.69,
04/15/2021,,,,,1.76
04/09/2021,1.950,1.800,59.35,61.83,
04/02/2021,1.960,1.800,60.66,63.68,
03/26/2021,1.910,1.790,59.95,62.51,
03/19/2021,2.040,1.870,63.22,66.11,
03/15/2021,,,,,1.8
03/12/2021,2.080,1.930,65.02,68.15,
03/05/2021,1.940,1.870,62.29,65.94,
02/26/2021,1.900,1.890,62.30,65.86,
02/19/2021,1.810,1.830,60.17,63.90,
02/15/2021,,,,,1.65
02/12/2021,1.690,1.760,58.54,61.13,
02/05/2021,1.670,1.690,55.39,58.22,
01/29/2021,1.610,1.600,52.52,55.18,
01/22/2021,1.580,1.590,52.82,55.23,
01/15/2021,1.570,1.590,52.75,55.38,1.52
01/08/2021,1.500,1.530,50.09,53.31,
01/01/2021,1.420,1.480,47.98,50.82,
12/25/2020,1.400,1.480,47.73,50.61,
12/18/2020,1.390,1.480,47.97,51.05,
12/15/2020,,,,,1.44
12/11/2020,1.310,1.410,46.04,49.32,
12/04/2020,1.280,1.370,45.37,47.83,
11/27/2020,1.270,1.360,44.40,46.43,
11/20/2020,1.190,1.260,41.52,43.01,
11/15/2020,,,,,1.24
11/13/2020,1.190,1.230,40.66,41.87,
11/06/2020,1.120,1.140,37.71,38.64,
10/30/2020,1.120,1.120,37.32,37.91,
10/23/2020,1.190,1.160,40.43,41.00,
10/16/2020,1.230,1.180,40.33,41.32,
10/15/2020,,,,,1.22
10/09/2020,1.270,1.180,40.19,41.06,
10/02/2020,1.240,1.120,38.99,39.99,
09/25/2020,1.240,1.120,39.78,40.89,
09/18/2020,1.240,1.130,39.55,40.77,
09/15/2020,,,,,1.2
09/11/2020,1.160,1.080,37.38,39.45,
09/04/2020,1.250,1.170,41.84,43.06,
08/28/2020,1.320,1.220,42.93,45.26,
08/21/2020,1.270,1.220,42.73,44.79,
08/15/2020,,,,,1.29
08/14/2020,1.210,1.230,42.08,44.54,
08/07/2020,1.190,1.240,41.57,44.36,
07/31/2020,1.200,1.240,40.69,43.22,
07/24/2020,1.240,1.260,41.34,43.57,
07/17/2020,1.220,1.230,40.57,43.40,
07/15/2020,,,,,1.21
07/10/2020,1.230,1.240,40.44,43.06,
07/03/2020,1.170,1.190,39.85,42.30,
06/26/2020,1.180,1.180,39.22,41.69,
06/19/2020,1.160,1.180,38.35,40.95,
06/15/2020,,,,,1.09
06/12/2020,1.090,1.090,37.87,39.52,
06/05/2020,1.040,1.030,37.32,38.37,
05/29/2020,0.940,0.930,34.19,33.70,
05/22/2020,0.970,0.950,33.10,33.94,
05/15/2020,0.830,0.850,26.40,28.18,0.73
05/08/2020,0.830,0.850,23.46,23.57,
05/01/2020,0.650,0.690,15.71,17.05,
04/24/2020,0.570,0.760,3.32,14.24,
04/17/2020,0.610,0.960,20.12,20.00,
04/15/2020,,,,,0.76
04/10/2020,0.610,1.030,24.41,22.53,
04/03/2020,0.530,1.030,21.69,18.72,
03/27/2020,0.500,1.080,19.44,23.96,
03/20/2020,0.670,1.030,24.19,25.65,
03/15/2020,,,,,1.42
03/13/2020,1.040,1.210,32.39,33.72,
03/06/2020,1.490,1.510,45.57,50.70,
02/28/2020,1.540,1.530,48.36,54.09,
02/21/2020,1.690,1.690,53.14,58.61,
02/15/2020,,,,,1.74
02/14/2020,1.600,1.660,50.83,55.33,
02/07/2020,1.520,1.620,50.36,54.59,
01/31/2020,1.550,1.660,52.70,58.57,
01/24/2020,1.610,1.780,56.15,62.20,
01/17/2020,1.690,1.880,58.29,64.11,
01/10/2020,1.730,1.980,60.84,67.93,
01/06/2020,,,,,2.04
01/03/2020,1.770,2.040,62.09,68.07,
12/27/2019,1.770,2.040,61.29,68.73,
12/20/2019,1.730,2.020,60.75,68.90,
12/13/2019,1.690,1.960,59.25,66.50,
12/06/2019,1.640,1.920,57.64,64.71,2.05
11/29/2019,1.720,1.950,58.07,64.74,
11/22/2019,1.710,1.910,56.90,63.76,
11/15/2019,1.710,1.930,56.85,62.56,
11/08/2019,1.760,1.940,56.69,62.39,
11/01/2019,1.760,1.930,55.17,60.23,2.01
10/25/2019,1.750,1.980,55.20,60.75,
10/18/2019,1.740,1.950,53.49,59.32,
10/11/2019,1.710,1.930,53.27,59.39,
10/04/2019,1.680,1.890,53.12,59.22,2.06
09/27/2019,1.750,1.960,56.90,63.15,
09/20/2019,1.810,2.020,59.33,65.56,
09/13/2019,1.700,1.910,56.16,62.74,
09/06/2019,1.640,1.860,55.73,60.23,2.01
08/30/2019,1.680,1.830,55.21,59.83,
08/23/2019,1.700,1.830,55.50,59.57,
08/16/2019,1.680,1.820,55.31,58.25,
08/09/2019,1.690,1.800,53.28,57.33,
08/02/2019,1.840,1.910,56.55,62.59,1.99
07/26/2019,1.850,1.910,56.05,62.80,
07/19/2019,1.860,1.900,56.74,63.63,
07/12/2019,1.950,1.950,59.02,65.98,
07/05/2019,1.910,1.910,57.32,63.84,2.08
06/28/2019,1.890,1.930,58.38,66.51,
06/21/2019,1.740,1.850,54.75,64.04,
06/14/2019,1.680,1.800,52.52,63.19,
06/07/2019,1.650,1.800,52.97,63.15,1.98
05/31/2019,1.830,1.940,56.93,69.29,
05/24/2019,1.910,2.030,60.72,70.89,
05/17/2019,1.960,2.080,62.10,73.32,
05/10/2019,1.920,2.050,61.81,71.25,
05/03/2019,2.020,2.070,62.90,71.59,2.15
04/26/2019,2.130,2.090,65.28,72.93,
04/19/2019,2.070,2.070,63.80,70.87,
04/12/2019,2.040,2.070,64.10,71.33,
04/05/2019,1.920,2.010,62.36,69.54,2.08
03/29/2019,1.860,1.980,59.49,67.25,
03/22/2019,1.890,1.980,59.44,67.34,
03/15/2019,1.800,1.980,57.81,65.71,
03/08/2019,1.710,2.010,56.35,64.73,
03/01/2019,1.680,2.000,56.12,64.56,2.06
02/22/2019,1.650,2.020,56.74,66.58,
02/15/2019,1.530,1.950,53.88,63.36,
02/08/2019,1.470,1.900,53.53,61.71,
02/01/2019,1.410,1.880,53.63,61.38,2.04
01/25/2019,1.430,1.880,52.88,61.34,
01/18/2019,1.450,1.880,51.92,59.83,
01/11/2019,1.440,1.860,50.78,58.64,
01/04/2019,1.390,1.710,47.00,54.31,1.95
12/28/2018,1.370,1.720,45.22,51.03,
12/21/2018,1.410,1.770,46.98,54.64,
12/14/2018,1.510,1.860,51.54,59.51,
12/07/2018,1.530,1.890,52.63,60.47,1.93
11/30/2018,1.500,1.860,51.01,58.65,
11/23/2018,1.590,2.000,54.99,61.22,
11/16/2018,1.630,2.090,56.92,66.21,
11/09/2018,1.720,2.190,61.57,70.34,
11/02/2018,1.830,2.230,65.06,74.09,2.22
10/26/2018,1.910,2.280,67.43,78.23,
10/19/2018,2.010,2.320,70.24,80.41,
10/12/2018,2.090,2.370,72.96,83.05,
10/05/2018,2.200,2.410,75.13,85.44,2.38
09/28/2018,2.140,2.320,72.84,81.85,
09/21/2018,2.080,2.230,70.28,78.97,
09/14/2018,2.060,2.240,68.96,78.11,
09/07/2018,2.100,2.230,68.51,76.64,2.31
08/31/2018,2.130,2.230,69.66,76.08,
08/24/2018,2.080,2.160,68.10,72.77,
08/17/2018,2.030,2.110,66.15,69.82,
08/10/2018,2.070,2.130,67.90,71.42,
08/03/2018,2.100,2.130,69.46,73.37,2.25
07/27/2018,2.110,2.150,70.01,74.00,
07/20/2018,2.010,2.080,68.95,71.27,
07/13/2018,2.080,2.150,71.96,75.29,
07/06/2018,2.090,2.170,73.73,76.33,2.23
06/29/2018,2.050,2.160,74.03,75.24,
06/22/2018,1.980,2.110,66.32,74.12,
06/15/2018,2.020,2.150,66.21,74.26,
06/08/2018,2.050,2.160,65.35,73.98,
06/01/2018,2.100,2.210,66.96,75.35,2.23
05/25/2018,2.180,2.270,70.98,78.59,
05/18/2018,2.180,2.280,71.30,78.75,
05/11/2018,2.110,2.220,70.56,76.68,
05/04/2018,2.060,2.150,68.38,74.42,2.29
04/27/2018,2.070,2.150,67.91,74.98,
04/20/2018,2.040,2.100,67.55,73.39,
04/13/2018,1.970,2.070,66.02,71.24,
04/06/2018,1.880,1.980,63.07,67.03,2.13
03/30/2018,1.910,2.020,64.97,68.65,
03/23/2018,1.870,1.970,64.11,67.40,
03/16/2018,1.780,1.880,61.28,64.14,
03/09/2018,1.780,1.870,61.65,65.12,
03/02/2018,1.840,1.920,62.07,66.02,1.96
02/23/2018,1.810,1.940,62.47,65.52,
02/16/2018,1.760,1.870,60.56,62.72,
02/09/2018,1.830,1.940,62.01,65.50,
02/02/2018,1.960,2.070,65.32,68.00,2.01
01/26/2018,1.970,2.090,65.14,70.04,
01/19/2018,1.900,2.070,63.77,69.39,
01/12/2018,1.860,2.070,63.26,69.47,
01/05/2018,1.820,2.070,61.36,67.81,2.11
12/29/2017,1.820,2.030,59.88,66.52,
12/22/2017,1.750,1.940,57.87,64.36,
12/15/2017,1.720,1.920,57.17,64.35,
12/08/2017,1.740,1.890,56.92,63.08,
12/01/2017,1.790,1.930,57.81,63.73,1.99
11/24/2017,1.800,1.930,57.47,62.68,
11/17/2017,1.800,1.910,55.81,61.52,
11/10/2017,1.910,1.930,57.05,64.29,
11/03/2017,1.840,1.880,54.59,61.04,1.89
10/27/2017,1.790,1.830,52.51,58.58,
10/20/2017,1.710,1.800,51.74,57.78,
10/13/2017,1.670,1.770,50.77,56.21,
10/06/2017,1.650,1.760,50.23,56.08,1.8
09/29/2017,1.730,1.840,51.77,58.75,
09/22/2017,1.770,1.800,50.12,57.03,
09/15/2017,1.890,1.740,49.07,55.54,
09/08/2017,2.050,1.790,48.58,53.88,
09/01/2017,1.950,1.720,46.68,52.25,1.91
08/25/2017,1.660,1.610,47.68,52.03,
08/18/2017,1.610,1.590,47.52,50.58,
08/11/2017,1.640,1.630,49.08,51.96,
08/04/2017,1.660,1.650,49.52,52.04,1.67
07/28/2017,1.610,1.590,48.27,49.95,
07/21/2017,1.590,1.530,46.41,47.99,
07/14/2017,1.530,1.480,45.51,47.10,
07/07/2017,1.490,1.470,44.96,48.17,1.5
06/30/2017,1.450,1.420,44.63,46.16,
06/23/2017,1.390,1.370,43.09,44.63,
06/16/2017,1.420,1.420,45.30,46.18,
06/09/2017,1.480,1.430,46.57,47.28,
06/02/2017,1.590,1.520,48.48,50.23,1.44
05/26/2017,1.610,1.580,50.21,52.58,
05/19/2017,1.570,1.530,49.24,51.75,
05/12/2017,1.490,1.470,47.04,48.00,
05/05/2017,1.460,1.460,47.21,48.70,1.5
04/28/2017,1.530,1.520,49.12,49.55,
04/21/2017,1.620,1.590,51.09,52.08,
04/14/2017,1.660,1.650,53.19,54.83,
04/07/2017,1.640,1.590,51.26,53.28,1.61
03/31/2017,1.570,1.540,49.14,51.33,
03/24/2017,1.490,1.500,47.28,50.10,
03/17/2017,1.450,1.500,48.03,50.29,
03/10/2017,1.480,1.550,50.50,52.78,
03/03/2017,1.490,1.610,53.56,54.40,1.57
02/24/2017,1.530,1.630,54.03,55.40,
02/17/2017,1.550,1.610,53.22,54.46,
02/10/2017,1.540,1.620,52.88,54.48,
02/03/2017,1.560,1.620,53.33,55.53,1.66
01/27/2017,1.570,1.590,52.74,54.91,
01/20/2017,1.620,1.610,51.82,54.19,
01/13/2017,1.630,1.620,52.07,54.02,
01/06/2017,1.700,1.680,53.34,55.13,1.61
12/30/2016,1.720,1.690,53.60,54.96,
12/23/2016,1.660,1.640,51.95,53.81,
12/16/2016,1.600,1.630,51.91,53.26,
12/09/2016,1.580,1.610,50.97,52.26,
12/02/2016,1.530,1.560,48.63,48.78,1.54
11/25/2016,1.470,1.520,47.25,46.49,
11/18/2016,1.390,1.420,45.15,44.01,
11/11/2016,1.460,1.420,44.61,43.09,
11/04/2016,1.530,1.470,45.51,44.63,1.45
10/28/2016,1.530,1.560,49.36,48.95,
10/21/2016,1.550,1.560,50.56,50.33,
10/14/2016,1.500,1.570,50.29,49.94,
10/07/2016,1.510,1.570,49.48,49.52,1.51
09/30/2016,1.490,1.470,46.55,46.74,
09/23/2016,1.440,1.410,44.59,46.24,
09/16/2016,1.440,1.400,44.34,46.21,
09/09/2016,1.410,1.410,45.96,47.51,
09/02/2016,1.370,1.420,45.11,47.31,1.41
08/26/2016,1.420,1.480,47.05,48.65,
08/19/2016,1.440,1.480,47.16,48.60,
08/12/2016,1.330,1.340,43.11,43.63,
08/05/2016,1.330,1.270,40.82,40.88,1.38
07/29/2016,1.320,1.270,41.83,42.55,
07/22/2016,1.330,1.350,44.44,45.22,
07/15/2016,1.370,1.400,45.60,45.54,
07/08/2016,1.370,1.430,46.17,45.96,
07/01/2016,1.440,1.470,48.17,47.09,1.39
06/24/2016,1.490,1.500,48.71,48.12,
06/17/2016,1.450,1.470,47.89,47.39,
06/10/2016,1.570,1.530,50.18,49.94,
06/03/2016,1.610,1.490,49.00,48.91,1.45
05/27/2016,1.630,1.500,48.72,48.73,
05/20/2016,1.620,1.470,47.99,48.34,
05/13/2016,1.510,1.360,45.44,45.20,
05/06/2016,1.490,1.340,44.22,44.20,1.36
04/29/2016,1.550,1.360,44.30,44.46,
04/22/2016,1.460,1.290,41.86,43.04,
04/15/2016,1.470,1.250,41.23,42.35,
04/08/2016,1.350,1.110,36.72,37.51,
04/01/2016,1.340,1.160,36.82,37.00,1.19
03/25/2016,1.290,1.220,39.45,39.41,
03/18/2016,1.180,1.220,38.32,38.50,
03/11/2016,1.150,1.210,37.69,39.30,
03/04/2016,1.050,1.100,34.43,36.28,1.18
02/26/2016,1.070,1.040,31.32,33.12,
02/19/2016,1.110,1.050,30.02,32.29,
02/12/2016,0.990,1.000,28.14,30.41,
02/05/2016,1.060,1.050,31.26,32.18,1.08
01/29/2016,1.100,1.000,31.81,31.75,
01/22/2016,1.070,0.910,29.19,27.76,
01/15/2016,1.080,0.940,30.59,29.10,
01/08/2016,1.200,1.060,34.65,34.19,
01/01/2016,1.280,1.060,36.99,36.55,1.07
12/25/2015,1.250,1.070,36.26,35.90,
12/18/2015,1.270,1.080,35.78,36.84,
12/11/2015,1.250,1.190,36.93,38.76,
12/04/2015,1.370,1.310,40.40,42.41,1.29
11/27/2015,1.370,1.370,40.49,43.65,
11/20/2015,1.320,1.360,40.62,41.54,
11/13/2015,1.370,1.430,42.70,44.75,
11/06/2015,1.450,1.510,45.98,47.23,1.49
10/30/2015,1.380,1.450,44.99,47.15,
10/23/2015,1.340,1.430,45.16,46.81,
10/16/2015,1.380,1.450,46.82,48.99,
10/09/2015,1.480,1.550,48.36,51.33,
10/02/2015,1.420,1.490,45.00,46.99,1.52
09/25/2015,1.450,1.490,45.57,47.33,
09/18/2015,1.430,1.490,45.48,47.34,
09/11/2015,1.490,1.540,45.16,47.60,
09/04/2015,1.540,1.590,46.73,48.87,1.49
08/28/2015,1.460,1.440,40.73,43.53,
08/21/2015,1.590,1.500,41.34,46.00,
08/14/2015,1.720,1.560,43.20,47.94,
08/07/2015,1.700,1.530,44.94,48.59,1.55
07/31/2015,1.750,1.590,47.91,54.14,
07/24/2015,1.820,1.660,49.21,55.75,
07/17/2015,1.860,1.680,51.68,57.17,
07/10/2015,1.950,1.710,52.38,56.63,
07/03/2015,1.960,1.840,57.92,60.36,1.71
06/26/2015,1.980,1.880,60.01,60.84,
06/19/2015,2.050,1.890,59.89,60.65,
06/12/2015,2.040,1.900,60.07,63.24,
06/05/2015,1.980,1.900,59.66,61.90,1.87
05/29/2015,1.930,1.900,58.19,61.57,
05/22/2015,1.960,1.960,58.95,64.31,
05/15/2015,1.940,1.990,60.01,64.90,
05/08/2015,1.920,1.990,59.73,65.01,
05/01/2015,1.920,1.950,57.98,63.49,1.96
04/24/2015,1.850,1.890,56.14,61.41,
04/17/2015,1.780,1.860,54.78,59.12,
04/10/2015,1.720,1.750,51.78,56.51,
04/03/2015,1.630,1.720,48.91,54.79,1.79
03/27/2015,1.650,1.740,48.68,55.01,
03/20/2015,1.580,1.760,44.39,52.72,
03/13/2015,1.630,1.870,47.69,56.51,
03/06/2015,1.730,2.110,50.38,60.12,1.88
02/27/2015,1.720,2.190,49.16,60.63,
02/20/2015,1.600,2.060,51.69,60.57,
02/13/2015,1.580,1.910,51.14,56.57,
02/06/2015,1.530,1.820,50.58,54.62,1.84
01/30/2015,1.380,1.650,45.32,46.76,
01/23/2015,1.350,1.640,46.46,46.44,
01/16/2015,1.330,1.660,47.07,46.58,
01/09/2015,1.380,1.730,48.77,49.47,
01/02/2015,1.510,1.840,53.44,56.03,1.75
12/26/2014,1.590,1.950,55.58,58.69,
12/19/2014,1.610,2.010,55.89,59.77,
12/12/2014,1.710,2.100,61.14,64.08,
12/05/2014,1.900,2.180,67.18,69.72,2.24
11/28/2014,2.100,2.360,72.36,76.63,
11/21/2014,2.150,2.420,75.38,77.62,
11/14/2014,2.180,2.450,76.50,79.90,
11/07/2014,2.210,2.470,78.24,83.04,2.53
10/31/2014,2.300,2.500,81.29,85.56,
10/24/2014,2.350,2.490,82.12,85.58,
10/17/2014,2.330,2.490,82.88,85.50,
10/10/2014,2.480,2.580,87.63,90.19,
10/03/2014,2.670,2.650,91.44,93.41,2.65
09/26/2014,2.760,2.690,93.15,95.01,
09/19/2014,2.680,2.720,93.52,97.02,
09/12/2014,2.690,2.770,92.43,97.32,
09/05/2014,2.750,2.830,94.06,100.45,2.91
08/29/2014,2.750,2.850,96.25,100.64,
08/22/2014,2.700,2.820,94.95,99.88,
08/15/2014,2.690,2.860,97.17,101.94,
08/08/2014,2.690,2.870,97.50,103.60,
08/01/2014,2.740,2.880,102.19,105.71,2.98
07/25/2014,2.780,2.870,104.35,106.34,
07/18/2014,2.790,2.860,102.37,105.39,
07/11/2014,2.830,2.870,103.25,107.03,
07/04/2014,2.890,2.940,105.52,110.26,2.92
06/27/2014,2.930,3.020,106.69,113.09,
06/20/2014,2.950,3.030,107.23,114.29,
06/13/2014,2.880,2.930,105.97,110.98,
06/06/2014,2.820,2.870,103.23,108.98,2.99
05/30/2014,2.850,2.920,103.95,109.62,
05/23/2014,2.900,2.950,103.82,110.72,
05/16/2014,2.860,2.950,101.92,109.53,
05/09/2014,2.830,2.920,100.29,108.48,
05/02/2014,2.880,2.950,100.51,109.15,3.01
04/25/2014,3.000,3.000,102.11,109.21,
04/18/2014,2.970,3.000,103.95,109.07,
04/11/2014,2.890,2.930,102.72,106.51,
04/04/2014,2.710,2.910,100.46,105.26,3.03
03/28/2014,2.700,2.940,100.66,106.54,
03/21/2014,2.720,2.930,99.77,106.53,
03/14/2014,2.790,3.010,99.55,108.01,
03/07/2014,2.810,3.110,103.07,109.14,
02/28/2014,2.830,3.160,102.77,109.17,
02/21/2014,2.880,3.210,102.93,109.74,
02/14/2014,2.800,3.140,100.21,109.12,
02/07/2014,2.690,3.390,97.78,107.73,3.11
01/31/2014,2.680,3.300,97.29,108.83,
01/24/2014,2.690,3.220,96.19,109.14,
01/17/2014,2.640,3.030,92.98,107.83,
01/10/2014,2.690,2.980,92.42,107.01,
01/03/2014,2.750,3.040,96.47,108.73,3.12
12/27/2013,2.820,3.110,99.15,111.72,
12/20/2013,2.710,3.010,97.85,110.34,
12/13/2013,2.670,3.000,97.23,109.10,
12/06/2013,2.730,3.050,96.21,112.28,3.02
11/29/2013,2.710,3.040,92.97,111.32,
11/22/2013,2.730,2.970,93.92,109.32,
11/15/2013,2.700,2.910,93.94,107.10,
11/08/2013,2.590,2.870,94.31,104.54,
11/01/2013,2.650,2.950,96.94,107.61,2.94
10/25/2013,2.660,2.950,97.57,107.82,
10/18/2013,2.720,3.030,101.51,110.11,
10/11/2013,2.710,3.040,102.70,110.30,
10/04/2013,2.670,2.990,103.14,108.63,3
09/27/2013,2.710,2.970,103.10,108.80,
09/20/2013,2.770,3.020,106.22,109.98,
09/13/2013,2.820,3.100,108.36,113.22,
09/06/2013,2.930,3.140,108.77,116.03,3.12
08/30/2013,2.980,3.150,108.33,115.32,
08/23/2013,2.950,3.080,105.48,111.12,
08/16/2013,2.930,3.050,106.97,110.73,
08/09/2013,2.870,2.990,105.17,108.56,
08/02/2013,2.960,3.050,105.54,108.61,3.08
07/26/2013,2.940,3.050,105.88,108.40,
07/19/2013,3.020,3.070,106.88,109.41,
07/12/2013,2.940,3.000,104.70,108.26,
07/05/2013,2.750,2.930,100.65,105.18,3.04
06/28/2013,2.660,2.860,95.83,101.43,
06/21/2013,2.770,2.920,96.65,103.93,
06/14/2013,2.790,2.910,96.36,103.39,
06/07/2013,2.750,2.870,94.25,102.92,2.92
05/31/2013,2.710,2.850,93.32,102.03,
05/24/2013,2.750,2.890,94.76,102.30,
05/17/2013,2.780,2.900,94.65,102.91,
05/10/2013,2.770,2.920,95.84,103.77,
05/03/2013,2.700,2.860,93.40,101.53,2.84
04/26/2013,2.690,2.850,91.00,100.61,
04/19/2013,2.690,2.780,88.00,98.09,
04/12/2013,2.680,2.940,93.36,103.25,
04/05/2013,2.760,3.040,95.07,107.06,2.96
03/29/2013,2.910,3.030,96.08,107.68,
03/22/2013,2.880,2.990,93.05,107.33,
03/15/2013,2.910,3.050,92.70,108.41,
03/08/2013,2.910,3.090,91.00,109.98,
03/01/2013,2.990,3.120,92.19,112.42,3.13
02/22/2013,3.090,3.240,94.38,115.30,
02/15/2013,3.090,3.300,96.95,118.10,
02/08/2013,3.060,3.250,96.18,117.15,
02/01/2013,3.030,3.170,97.33,115.13,3.36
01/25/2013,2.880,3.130,95.41,113.72,
01/18/2013,2.770,3.080,94.58,111.35,
01/11/2013,2.810,3.090,93.38,112.37,
01/04/2013,2.810,3.070,92.77,112.35,3.23
12/28/2012,2.830,3.110,90.14,109.81,
12/21/2012,2.760,3.080,88.24,109.79,
12/14/2012,2.650,3.050,85.71,108.83,
12/07/2012,2.680,3.050,87.00,109.08,3.1
11/30/2012,2.790,3.180,87.27,109.82,
11/23/2012,2.820,3.270,87.40,110.26,
11/16/2012,2.920,3.170,85.87,109.12,
11/09/2012,2.810,3.140,85.98,107.78,
11/02/2012,2.730,3.150,85.87,108.85,3.13
10/26/2012,2.720,3.140,86.35,108.27,
10/19/2012,2.900,3.270,91.59,113.59,
10/12/2012,3.160,3.320,91.42,114.88,
10/05/2012,3.230,3.250,90.81,111.41,3.26
09/28/2012,3.360,3.200,91.35,110.35,
09/21/2012,3.130,3.180,93.70,111.83,
09/14/2012,3.340,3.280,97.56,115.41,
09/07/2012,3.240,3.260,95.68,114.11,3.33
08/31/2012,3.150,3.280,95.68,113.02,
08/24/2012,3.040,3.240,96.22,116.10,
08/17/2012,3.000,3.200,94.43,115.04,
08/10/2012,2.990,3.110,93.14,112.49,
08/03/2012,2.840,2.970,89.10,107.27,3.2
07/27/2012,2.710,2.940,88.88,104.18,
07/20/2012,2.820,2.980,90.34,105.40,
07/13/2012,2.770,2.890,85.78,99.88,
07/06/2012,2.660,2.850,85.74,98.80,2.96
06/29/2012,2.520,2.710,80.23,91.23,
06/22/2012,2.540,2.690,81.11,92.46,
06/15/2012,2.670,2.720,83.27,97.21,
06/08/2012,2.680,2.730,84.43,99.03,
06/01/2012,2.710,2.790,87.06,103.47,2.81
05/25/2012,2.830,2.900,90.88,108.14,
05/18/2012,2.880,2.950,93.11,109.87,
05/11/2012,2.930,3.060,96.98,111.78,
05/04/2012,2.990,3.200,103.47,116.67,3.23
04/27/2012,3.090,3.240,103.78,118.10,
04/20/2012,3.150,3.210,103.15,117.18,
04/13/2012,3.280,3.230,102.55,120.87,
04/06/2012,3.360,3.300,103.52,124.18,3.35
03/30/2012,3.310,3.290,105.12,124.43,
03/23/2012,3.220,3.300,106.41,124.35,
03/16/2012,3.120,3.330,106.15,126.22,
03/09/2012,3.040,3.290,106.32,126.62,
03/02/2012,3.170,3.280,107.52,124.88,3.36
02/24/2012,3.110,3.310,107.18,123.34,
02/17/2012,3.030,3.210,101.73,119.79,
02/10/2012,2.990,3.210,98.56,117.21,
02/03/2012,2.910,3.080,97.80,111.20,3.27
01/27/2012,2.870,3.070,99.35,109.18,
01/20/2012,2.830,3.050,99.95,109.60,
01/13/2012,2.770,3.090,100.43,111.78,
01/06/2012,2.780,3.110,102.39,112.51,3.15
12/30/2011,2.700,2.950,99.80,107.51,
12/23/2011,2.640,2.910,97.75,107.72,
12/16/2011,2.570,2.880,96.05,106.26,
12/09/2011,2.640,2.980,100.10,109.31,
12/02/2011,2.600,3.030,99.75,110.05,3.06
11/25/2011,2.550,3.010,96.88,106.67,
11/18/2011,2.580,3.140,99.32,110.69,
11/11/2011,2.720,3.170,96.97,114.68,
11/04/2011,2.700,3.070,93.24,109.84,3.19
10/28/2011,2.740,3.090,92.32,111.33,
10/21/2011,2.770,3.050,86.82,111.47,
10/14/2011,2.880,3.000,85.35,111.59,
10/07/2011,2.710,2.870,79.43,104.03,3.04
09/30/2011,2.640,2.890,81.18,107.69,
09/23/2011,2.680,2.940,83.65,111.98,
09/16/2011,2.790,3.000,88.93,114.98,
09/09/2011,2.940,3.080,87.91,115.97,
09/02/2011,2.910,3.100,88.07,116.11,3.14
08/26/2011,2.860,3.010,85.06,111.06,
08/19/2011,2.810,2.990,85.36,109.54,
08/12/2011,2.740,2.910,82.86,105.30,
08/05/2011,2.890,3.080,90.85,112.65,3.15
07/29/2011,3.050,3.180,97.83,117.70,
07/22/2011,3.040,3.200,98.01,118.20,
07/15/2011,3.040,3.200,96.72,117.72,
07/08/2011,2.970,3.130,97.12,115.39,
07/01/2011,2.800,2.960,93.70,109.03,3.18
06/24/2011,2.740,2.940,92.70,110.18,
06/17/2011,2.870,3.120,95.87,116.79,
06/10/2011,2.900,3.160,100.05,117.73,
06/03/2011,2.920,3.110,100.92,115.68,3.19
05/27/2011,2.930,3.010,99.55,113.41,
05/20/2011,2.870,2.960,97.99,112.02,
05/13/2011,3.150,3.030,99.87,114.53,
05/06/2011,3.160,3.130,105.84,119.56,3.32
04/29/2011,3.290,3.300,112.30,125.36,
04/22/2011,3.190,3.250,109.11,122.74,
04/15/2011,3.130,3.270,107.75,123.57,
04/08/2011,3.120,3.280,109.29,123.03,
04/01/2011,2.970,3.150,105.08,116.49,3.37
03/25/2011,2.850,3.150,104.41,115.41,
03/18/2011,2.730,3.120,99.79,112.67,
03/11/2011,2.830,3.120,103.74,114.45,
03/04/2011,2.860,3.110,101.05,114.53,3.26
02/25/2011,2.730,2.970,95.05,110.77,
02/18/2011,2.510,2.810,83.91,102.96,
02/11/2011,2.470,2.780,85.51,99.90,
02/04/2011,2.470,2.780,89.52,100.36,2.87
01/28/2011,2.410,2.680,86.11,96.62,
01/21/2011,2.460,2.680,89.75,97.34,
01/14/2011,2.470,2.650,91.02,97.09,
01/07/2011,2.440,2.540,89.54,94.72,2.69
12/31/2010,2.430,2.530,90.97,93.17,
12/24/2010,2.450,2.530,89.66,92.90,
12/17/2010,2.330,2.480,88.27,90.91,
12/10/2010,2.350,2.480,88.50,90.25,
12/03/2010,2.360,2.450,86.75,88.10,2.53
11/26/2010,2.260,2.350,82.28,83.51,
11/19/2010,2.290,2.340,82.23,83.94,
11/12/2010,2.240,2.440,86.91,87.43,
11/05/2010,2.170,2.370,84.93,85.60,2.42
10/29/2010,2.120,2.270,82.03,82.25,
10/22/2010,2.150,2.280,81.15,81.43,
10/15/2010,2.200,2.310,82.16,83.11,
10/08/2010,2.190,2.340,82.29,83.87,
10/01/2010,2.030,2.260,78.41,79.82,2.33
09/24/2010,1.950,2.180,73.76,78.38,
09/17/2010,1.980,2.180,75.62,78.44,
09/10/2010,1.970,2.150,74.82,77.17,
09/03/2010,1.920,2.110,74.02,75.41,2.24
08/27/2010,1.860,2.060,72.91,72.82,
08/20/2010,1.880,2.070,74.84,74.94,
08/13/2010,1.950,2.140,78.17,78.21,
08/06/2010,2.100,2.230,81.79,82.69,2.24
07/30/2010,2.020,2.090,78.12,77.24,
07/23/2010,2.030,2.090,77.56,76.64,
07/16/2010,1.990,2.080,76.35,75.70,
07/09/2010,1.970,2.050,74.39,73.95,
07/02/2010,1.970,2.030,74.96,73.86,2.21
06/25/2010,2.050,2.140,77.06,76.64,
06/18/2010,2.080,2.160,76.70,76.22,
06/11/2010,1.970,2.070,73.44,72.76,
06/04/2010,1.950,2.070,72.91,72.71,2.2
05/28/2010,1.900,2.030,70.62,70.79,
05/21/2010,1.920,2.020,69.14,72.17,
05/14/2010,2.100,2.220,74.98,78.32,
05/07/2010,2.160,2.280,80.24,82.50,2.3
04/30/2010,2.260,2.310,84.22,85.98,
04/23/2010,2.200,2.260,82.90,84.61,
04/16/2010,2.210,2.270,84.34,85.23,
04/09/2010,2.240,2.300,85.66,83.88,
04/02/2010,2.190,2.230,83.01,80.59,2.36
03/26/2010,2.120,2.150,80.65,78.38,
03/19/2010,2.150,2.160,81.44,79.05,
03/12/2010,2.150,2.160,81.76,79.36,
03/05/2010,2.130,2.140,80.19,77.86,2.26
02/26/2010,2.040,2.100,79.22,76.23,
02/19/2010,2.030,2.080,78.25,75.80,
02/12/2010,1.910,1.970,73.88,70.85,
02/05/2010,1.890,2.000,74.57,72.54,2.14
01/29/2010,1.940,1.970,73.94,71.88,
01/22/2010,2.010,1.990,76.62,74.28,
01/15/2010,2.080,2.100,80.06,78.31,
01/08/2010,2.120,2.190,82.34,79.82,
01/01/2010,2.030,2.110,79.07,77.19,2.24
12/25/2009,1.910,1.970,74.76,73.35,
12/18/2009,1.840,1.920,71.72,71.80,
12/11/2009,1.860,1.920,71.51,73.14,
12/04/2009,1.990,2.010,76.81,77.78,2.12
11/27/2009,1.980,1.960,76.14,76.52,
11/20/2009,2.000,2.010,78.37,77.04,
11/13/2009,1.960,1.990,78.24,76.25,
11/06/2009,1.990,2.020,79.00,76.60,2.16
10/30/2009,2.040,2.050,78.47,76.07,
10/23/2009,2.040,2.090,80.06,77.24,
10/16/2009,1.900,1.980,75.73,72.29,
10/09/2009,1.780,1.860,70.80,67.87,
10/02/2009,1.710,1.810,68.84,65.90,2.02
09/25/2009,1.700,1.770,68.33,66.96,
09/18/2009,1.840,1.830,71.32,68.85,
09/11/2009,1.840,1.810,70.91,69.17,
09/04/2009,1.820,1.790,68.39,67.60,1.94
08/28/2009,1.910,1.910,72.37,72.33,
08/21/2009,1.910,1.920,70.80,71.52,
08/14/2009,1.940,1.930,69.64,72.90,
08/07/2009,1.990,1.970,71.58,73.99,2
07/31/2009,1.870,1.840,67.03,68.60,
07/24/2009,1.810,1.800,65.28,66.56,
07/17/2009,1.650,1.640,61.29,61.11,
07/10/2009,1.650,1.600,61.48,60.39,
07/03/2009,1.830,1.780,69.32,68.03,1.88
06/26/2009,1.810,1.790,68.58,67.58,
06/19/2009,1.970,1.860,70.62,69.68,
06/12/2009,1.960,1.850,70.85,69.88,
06/05/2009,1.890,1.790,68.11,67.17,1.87
05/29/2009,1.840,1.610,64.32,62.20,
05/22/2009,1.750,1.540,60.32,57.89,
05/15/2009,1.660,1.500,57.94,56.39,
05/08/2009,1.590,1.480,55.96,54.83,
05/01/2009,1.380,1.380,50.20,49.92,1.56
04/24/2009,1.370,1.400,47.80,48.97,
04/17/2009,1.420,1.490,49.86,51.59,
04/10/2009,1.380,1.500,50.46,51.48,
04/03/2009,1.330,1.460,50.34,48.49,1.54
03/27/2009,1.390,1.530,52.99,51.46,
03/20/2009,1.300,1.350,49.49,46.43,
03/13/2009,1.220,1.220,45.66,43.98,
03/06/2009,1.240,1.220,43.18,43.86,1.35
02/27/2009,1.170,1.270,41.10,42.68,
02/20/2009,1.130,1.210,37.15,40.91,
02/13/2009,1.300,1.350,36.94,45.59,
02/06/2009,1.250,1.370,40.78,43.64,1.45
01/30/2009,1.210,1.440,42.70,44.20,
01/23/2009,1.160,1.410,42.15,41.67,
01/16/2009,1.140,1.510,36.73,42.38,
01/09/2009,1.090,1.600,44.46,45.25,
01/02/2009,0.920,1.380,42.40,37.04,1.58
12/26/2008,0.840,1.310,32.98,35.38,
12/19/2008,1.000,1.450,39.70,41.71,
12/12/2008,0.980,1.450,44.57,41.01,
12/05/2008,1.030,1.570,45.60,43.70,1.6
11/28/2008,1.190,1.780,53.27,48.53,
11/21/2008,1.160,1.810,52.26,47.79,
11/14/2008,1.310,1.970,58.60,53.27,
11/07/2008,1.450,2.100,64.31,59.43,2.13
10/31/2008,1.590,2.090,65.21,60.61,
10/24/2008,1.800,2.220,68.56,64.40,
10/17/2008,1.950,2.380,75.19,69.28,
10/10/2008,2.070,2.610,86.24,80.98,
10/03/2008,2.390,2.920,96.59,91.90,2.79
09/26/2008,2.670,3.130,111.12,100.91,
09/19/2008,2.890,2.940,97.19,89.35,
09/12/2008,2.940,3.020,102.88,97.28,
09/05/2008,2.870,3.130,108.37,103.69,3.45
08/29/2008,2.930,3.290,116.09,112.40,
08/22/2008,2.880,3.250,115.70,111.66,
08/15/2008,2.860,3.180,114.40,110.16,
08/08/2008,2.890,3.320,118.80,116.56,
08/01/2008,2.990,3.580,124.57,124.43,3.49
07/25/2008,2.980,3.690,125.92,126.70,
07/18/2008,3.160,3.920,135.37,135.05,
07/11/2008,3.300,3.990,139.95,137.43,
07/04/2008,3.360,4.050,142.52,141.07,4.09
06/27/2008,3.320,3.900,137.00,135.54,
06/20/2008,3.300,3.860,134.34,132.08,
06/13/2008,3.330,3.970,134.80,134.12,
06/06/2008,3.220,3.810,128.16,126.33,3.99
05/30/2008,3.240,3.900,128.47,128.76,
05/23/2008,3.210,4.060,130.14,126.47,
05/16/2008,3.070,3.840,124.96,122.58,
05/09/2008,3.020,3.660,123.01,119.84,
05/02/2008,2.840,3.410,115.42,111.98,3.73
04/25/2008,2.910,3.480,118.53,114.34,
04/18/2008,2.820,3.590,114.33,110.42,
04/11/2008,2.680,3.490,109.71,106.60,
04/04/2008,2.520,3.200,103.46,100.88,3.46
03/28/2008,2.570,3.240,104.49,102.05,
03/21/2008,2.390,3.280,105.28,103.05,
03/14/2008,2.560,3.360,109.35,107.69,
03/07/2008,2.490,3.140,103.44,101.90,3.18
02/29/2008,2.480,3.000,100.84,99.10,
02/22/2008,2.530,2.910,99.61,97.13,
02/15/2008,2.360,2.740,94.13,94.98,
02/08/2008,2.220,2.530,89.08,89.88,
02/01/2008,2.280,2.550,91.14,91.77,2.75
01/25/2008,2.260,2.520,89.41,88.46,
01/18/2008,2.280,2.570,91.51,90.03,
01/11/2008,2.380,2.600,94.76,94.40,
01/04/2008,2.500,2.720,98.17,96.50,2.77
12/28/2007,2.440,2.670,95.64,94.39,
12/21/2007,2.310,2.630,91.16,90.82,
12/14/2007,2.310,2.620,91.18,90.24,
12/07/2007,2.250,2.600,88.71,89.09,2.74
11/30/2007,2.340,2.710,92.47,92.16,
11/23/2007,2.480,2.770,97.93,94.01,
11/16/2007,2.410,2.650,93.56,90.74,
11/09/2007,2.470,2.710,95.81,93.54,
11/02/2007,2.370,2.610,93.46,90.42,2.72
10/26/2007,2.200,2.490,89.23,83.72,
10/19/2007,2.220,2.450,87.80,84.29,
10/12/2007,2.100,2.330,81.46,78.85,
10/05/2007,2.070,2.310,80.59,77.98,2.42
09/28/2007,2.110,2.330,81.70,78.15,
09/21/2007,2.150,2.370,82.26,78.17,
09/14/2007,2.080,2.320,78.95,76.89,
09/07/2007,2.070,2.250,75.96,75.06,2.31
08/31/2007,2.080,2.160,72.93,70.55,
08/24/2007,1.960,2.090,70.19,68.44,
08/17/2007,2.050,2.100,72.05,70.09,
08/10/2007,1.920,2.060,71.92,70.70,
08/03/2007,2.030,2.150,76.75,76.34,2.2
07/27/2007,2.020,2.110,75.15,76.66,
07/20/2007,2.090,2.130,74.92,78.24,
07/13/2007,2.260,2.170,72.79,77.76,
07/06/2007,2.240,2.180,71.78,74.79,2.27
06/29/2007,2.220,2.150,69.13,71.76,
06/22/2007,2.220,2.170,68.78,71.78,
06/15/2007,2.140,2.090,66.62,69.89,
06/08/2007,2.150,2.080,65.90,71.23,
06/01/2007,2.180,2.060,63.94,68.45,2.19
05/25/2007,2.290,2.100,64.89,70.65,
05/18/2007,2.320,2.060,63.61,67.55,
05/11/2007,2.220,2.000,61.90,63.91,
05/04/2007,2.210,2.020,63.82,66.04,2.17
04/27/2007,2.180,2.070,65.26,67.39,
04/20/2007,2.030,2.010,63.06,66.21,
04/13/2007,2.120,2.090,62.58,68.20,
04/06/2007,2.040,2.050,64.82,68.55,2.08
03/30/2007,2.020,2.010,64.18,66.10,
03/23/2007,1.930,1.850,58.26,61.09,
03/16/2007,1.910,1.840,57.94,60.87,
03/09/2007,1.900,1.870,60.85,60.35,
03/02/2007,1.870,1.860,61.64,60.62,1.9
02/23/2007,1.730,1.760,59.57,58.16,
02/16/2007,1.610,1.710,58.41,55.54,
02/09/2007,1.550,1.760,58.99,57.90,
02/02/2007,1.480,1.710,57.11,55.92,1.78
01/26/2007,1.410,1.630,53.57,54.87,
01/19/2007,1.340,1.560,51.51,51.40,
01/12/2007,1.420,1.610,54.11,51.79,
01/05/2007,1.550,1.680,57.76,55.63,1.82
12/29/2006,1.620,1.720,60.66,59.69,
12/22/2006,1.750,1.800,62.40,62.44,
12/15/2006,1.660,1.850,61.91,62.56,
12/08/2006,1.640,1.920,62.32,63.63,
12/01/2006,1.700,1.920,62.02,62.59,1.95
11/24/2006,1.620,1.830,57.24,59.20,
11/17/2006,1.570,1.800,57.56,57.85,
11/10/2006,1.570,1.790,59.96,58.02,
11/03/2006,1.480,1.720,58.55,56.48,1.86
10/27/2006,1.550,1.800,58.88,57.73,
10/20/2006,1.490,1.840,58.48,58.51,
10/13/2006,1.490,1.790,58.58,58.33,
10/06/2006,1.520,1.760,59.77,57.15,
09/29/2006,1.520,1.770,61.94,58.76,
09/22/2006,1.530,1.720,61.40,60.23,
09/15/2006,1.610,1.770,63.98,61.38,
09/08/2006,1.650,1.960,67.53,65.76,
09/01/2006,1.800,2.110,70.01,68.35,1.98
08/25/2006,1.890,2.260,72.12,71.92,
08/18/2006,1.990,2.190,71.79,72.35,
08/11/2006,2.160,2.300,75.63,76.98,
08/04/2006,2.360,2.370,75.20,76.32,2.27
07/28/2006,2.280,2.260,73.87,73.53,
07/21/2006,2.230,2.190,73.98,73.52,
07/14/2006,2.210,2.200,75.21,73.99,
07/07/2006,2.220,2.170,74.65,73.45,2.22
06/30/2006,2.150,2.100,72.65,71.82,
06/23/2006,2.000,2.070,69.94,68.33,
06/16/2006,1.980,2.100,69.48,66.17,
